Id,Nombre,Liga,Practicas,Horas_Entrenando,Altura,Precio ,Juegos,Gimnasio,Fuma, Total ,Nacimiento,Nutriologo,Horas_Casa
1,Casimiro Vargas,Primera,4,7,1.687904699,1017076.54,6,Si,No,93.38,22/04/1998,No,1
2,Máximo Santillas,Tercera,4,5,1.802726531,91239.66,6,Si,Si,76.64,17/10/1998,Si,2
3,Wilma Vera,Primera,2,2,1.834843352,1764449.46,2,Si,No,82.31,27/11/1998,No,5
4,Douglas Vadillo,Segunda,3,7,1.690812523,464105.59,4,No,No,78.72,13/06/1998,Si,1
5,Maria Blanchet,Segunda,1,2,1.678294509,461403.91,6,Si,Si,81.15,09/10/1998,No,4
6,Emmelyn Blanchet,Primera,6,7,1.769011688,1147784.67,10,No,No,95.32,25/01/1998,No,4
7,Edwin Campos,Primera,8,22,1.763961011,1142437.20,10,Si,Si,192.94,04/04/1998,Si,2
8,Nicole Olvera,Primera,5,12,1.76360433,833433.88,7,Si,Si,117.78,23/01/1998,No,9
9,César Fraga,Segunda,2,2,1.757753547,443847.75,3,No,No,74.02,02/07/1998,Si,4
10,Marcelino Olvera,Primera,3,6,1.640269818,1465516.94,6,Si,No,90.9,03/03/1998,No,8
11,Germán Alcántar,Primera,5,14,1.576347961,941609.38,3,Si,No,120.88,16/08/1998,Si,0
12,Wilma Llorente,Primera,4,4,1.710032472,745315.24,7,No,No,88.76,28/12/1998,No,3
13,Roberto Milán,Primera,6,8,1.773127812,1391616.56,7,Si,Si,106.9,04/03/1998,Si,6
14,Beltran Ángeles,Primera,2,2,1.766137639,559654.27,8,Si,Si,81.3,13/08/1998,No,2
15,Camilo Romero,Segunda,3,3,1.833934674,441777.37,10,Si,No,83.42,15/04/1998,No,2
16,Hans Bedolla,Segunda,1,1,1.604264375,436416.72,10,No,Si,66.78,27/04/1998,Si,3
17,Pablo Galindo,Tercera,1,1,1.705144827,80915.19,3,Si,Si,50.05,28/05/1998,Si,4
18,Judith Uscanga,Segunda,5,9,1.777277946,484630.07,7,Si,No,94.01,16/04/1998,Si,4
19,Xamina Robles,Tercera,3,3,1.932695658,75322.44,3,Si,Si,66.88,19/04/1998,No,2
20,Javier Santamaría,Primera,1,2,1.589990607,993422.28,6,No,No,84.32,23/09/1998,Si,6
21,Sarah Ávila,Primera,5,11,1.809735398,1117639.49,11,Si,No,163.18,24/01/1998,Si,8
22,Abraham Said,Primera,2,6,1.648748939,1079403.79,4,No,Si,85.36,19/10/1998,No,4
23,Santiago Cisneros,Segunda,2,3,1.840245519,478478.36,3,No,No,69.35,14/10/1998,Si,6
24,Natanael Loredo,Primera,5,10,1.646724203,1186435.38,5,No,No,133.12,25/06/1998,Si,2
25,Carlos Valenciano ,Primera,4,6,1.633369834,1247921.65,5,No,No,92.04,06/05/1998,No,3
26,Carmen Pascual,Primera,2,4,1.526280386,1076665.51,5,Si,No,89.36,08/08/1998,Si,6
27,Ulises Luna,Tercera,3,5,1.694377503,84459.93,3,Si,Si,66.37,07/08/1998,Si,1
28,Luz Rivera,Segunda,3,4,1.638935558,463861.50,6,Si,No,88.33,24/05/1998,No,4
29,Luz Ondarza,Primera,5,14,1.859223849,570713.18,5,No,Si,108.08,06/05/1998,Si,1
30,Florencia Franco,Segunda,2,4,1.780880728,529263.69,8,No,No,77.84,09/06/1998,No,6
31,Alexis Ramírez,Primera,5,8,1.768633124,1350468.63,12,Si,Si,117.58,03/03/1998,Si,5
32,Selena Morales,Segunda,2,4,1.482989321,449042.59,7,Si,No,72.65,10/07/1998,No,5
33,Eugene Neri,Primera,2,2,1.748241153,974764.48,5,Si,No,81.35,19/08/1998,Si,3
34,Alfonso Esper,Segunda,4,5,1.566813641,507954.60,8,Si,No,101.7,10/06/1998,Si,4
35,Gleidin Curiel,Segunda,2,4,1.626446149,371227.43,4,Si,No,72.38,13/11/1998,Si,3
36,Deisy Morales,Primera,6,8,1.837592814,1536873.75,5,Si,No,97.64,20/04/1998,Si,2
37,Alastor Jung,Primera,4,11,1.742698692,1473639.70,5,No,No,121.8,15/08/1998,Si,5
38,Lily Calderón,Primera,2,3,1.874436801,975328.27,7,Si,Si,88.62,12/04/1998,No,2
39,Casandra Obrador,Segunda,7,17,1.623544674,481255.23,5,No,No,147.47,26/03/1998,Si,3
40,Joang Revuelta,Primera,2,5,1.554244631,1055175.22,6,Si,No,100.21,01/09/1998,No,1
41,Perla Vadillo,Primera,3,4,1.620829658,985777.68,8,No,No,95.78,11/03/1998,Si,3
42,Gleidin Maldonado,Tercera,1,1,1.73723815,77426.54,7,No,Si,70.3,12/10/1998,Si,0
43,Arnoldo Halabe,Primera,8,20,1.655653831,945905.84,7,Si,No,192.09,13/01/1998,Si,5
44,Cuauhtemoc Córdova,Segunda,2,6,1.803825058,431553.43,7,Si,No,80.08,07/11/1998,No,4
45,Eugenio Alcocer,Tercera,1,2,1.60894214,84027.90,2,Si,Si,48.06,26/11/1998,Si,1
46,Delfino Núñez,Segunda,4,5,1.572486196,491678.34,3,No,Si,73.37,17/10/1998,No,0
47,Alina Vega,Ninguna,1,3,1.501313537, -   ,5,No,Si,47.45,28/12/1998,Si,4
48,Angello Lazcano,Primera,8,23,1.778072887,1138594.60,6,Si,Si,176.85,20/03/1998,Si,7
49,Paulo Arroyo,Segunda,6,9,1.837272805,488552.73,3,No,Si,103.4,11/10/1998,No,0
50,Teodoro Cisneros,Primera,4,10,1.575411131,585621.09,9,No,Si,93.34,02/01/1998,No,4
51,Iván Castaño,Primera,3,7,1.7507439,960365.46,8,Si,Si,89.08,08/01/1998,No,8
52,Mario Said,Primera,4,4,1.585757383,905537.54,11,No,No,99.63,16/02/1998,Si,6
53,Pamela Villareal,Primera,6,9,1.772128449,1161388.78,7,Si,No,104.8,24/04/1998,No,0
54,Claudio Fraga,Tercera,3,5,1.695478709,82182.54,3,Si,Si,66.75,01/12/1998,No,2
55,Maira Mas,Segunda,2,6,1.805156076,529331.87,8,Si,Si,71.12,01/05/1998,Si,2
56,Camila Ocampo,Primera,8,20,1.607231807,1051209.63,7,Si,No,180.24,20/01/1998,Si,7
57,Yulisa Tamayo,Segunda,3,8,1.803310804,508658.35,4,Si,Si,90.35,04/12/1998,No,5
58,Ramón Castro,Tercera,1,2,1.734569304,85454.16,5,No,No,69.65,03/11/1998,No,4
59,Luna Narro,Segunda,3,5,1.684684859,568751.49,10,Si,Si,76.72,22/03/1998,No,5
60,Valentina Contreras,Segunda,2,6,1.632766616,434217.99,4,Si,No,82.1,08/10/1998,No,3
61,Diana Kimura,Segunda,3,9,1.813428268,431665.41,4,No,No,83.11,26/05/1998,No,2
62,Claudia Rivera,Segunda,5,7,1.703951124,460727.13,9,Si,Si,97.89,10/05/1998,Si,5
63,Heriberto Castro,Ninguna,2,3,1.77555651, -   ,9,No,Si,52.23,04/04/1998,No,0
64,Félix Alva,Primera,4,8,1.759323618,1154597.39,8,Si,No,92.92,08/11/1998,Si,4
65,Yessica Campos,Primera,3,9,1.636249829,480995.45,6,No,Si,109.15,12/10/1998,No,6
66,Xamina Burgos,Primera,4,4,1.685717367,962695.15,6,Si,Si,82,01/04/1998,Si,3
67,Ana Cuevas,Ninguna,1,2,1.709947291, -   ,3,Si,Si,56.1,24/12/1998,No,6
68,Monica Saucedo,Segunda,5,15,1.729319164,502496.94,10,Si,Si,150.54,24/02/1998,No,7
69,Richard Muñoz,Tercera,1,1,1.688068613,89235.70,2,No,No,50.11,12/12/1998,No,2
70,Tomás Ayala,Ninguna,1,2,1.626435425, -   ,2,No,Si,55.01,12/10/1998,No,0
71,Omar Montaño,Ninguna,1,3,1.664910556, -   ,6,No,No,63.83,07/10/1998,Si,0
72,Félix Ríos,Primera,5,12,1.718119153,1573184.87,6,No,No,123.66,11/04/1998,Si,3
73,Abel Santamaría,Primera,5,8,1.689459566,902784.21,5,Si,No,114.98,18/02/1998,Si,3
74,René Pastelín,Tercera,2,4,1.829162781,73690.88,3,Si,No,69.24,24/05/1998,Si,2
75,Hans Hurtado,Segunda,3,4,1.888262705,445688.85,3,Si,Si,82.27,09/10/1998,Si,1
76,Roberto Sierra,Segunda,6,14,1.713803521,493259.32,3,Si,Si,150.23,21/04/1998,Si,4
77,Blanca Becker,Primera,8,22,1.757552821,1224042.41,6,No,No,155.13,08/02/1998,Si,7
78,Selena Marín,Ninguna,4,4,1.6356311, -   ,8,No,Si,52.25,05/09/1998,No,2
79,Cristina Becker,Segunda,3,8,1.685039649,432250.76,6,No,No,101,21/07/1998,No,6
80,Isaac Said,Primera,4,10,1.590241984,934849.05,6,Si,Si,106.3,18/08/1998,Si,0
81,Moises Santamaría,Primera,7,11,1.522813581,846519.34,11,No,No,122.43,24/01/1998,Si,4
82,Aldo Mansilla,Ninguna,2,4,1.699942542, -   ,4,Si,No,59.3,09/04/1998,No,1
83,Franco Borundo,Segunda,7,9,1.648110344,457399.33,9,Si,No,156.28,15/02/1998,No,6
84,Brayan Verduzco,Primera,5,11,1.624562793,1070898.71,3,Si,Si,99.4,18/06/1998,Si,0
85,David Torre,Primera,5,9,1.700805277,1353210.40,5,No,No,114.68,26/03/1998,Si,7
86,Adán Peralta,Segunda,6,6,1.723368343,428335.32,8,No,No,104.76,23/01/1998,Si,6
87,Jorge Vidrio,Primera,6,13,1.530570721,555488.01,4,No,No,116.4,15/06/1998,No,6
88,Delfino Colmenero,Ninguna,1,3,1.655138038, -   ,6,No,Si,59.37,08/10/1998,Si,3
89,Delfino Sotello,Primera,5,11,1.678306331,845020.79,11,Si,Si,139.81,02/02/1998,Si,5
90,Kenneth Biagi,Primera,4,10,1.607915788,829492.74,6,No,Si,95.14,11/09/1998,Si,5
91,Ana Madero,Primera,3,8,1.745649486,1142967.65,6,Si,No,124.4,11/01/1998,Si,9
92,Ronald López,Primera,2,5,1.906755487,1195007.37,8,No,No,89.46,19/05/1998,Si,3
93,Casimiro Laguillo,Primera,6,9,1.714520698,796246.72,4,No,Si,91.82,04/07/1998,Si,4
94,Ismael Vital,Tercera,2,6,1.813732488,69866.98,8,No,No,73.39,22/11/1998,Si,1
95,William Valdovinos,Tercera,4,7,1.717431467,66236.22,4,No,No,77.01,08/07/1998,No,6
96,Deymar Espinosa,Segunda,4,11,1.504698162,522287.41,5,No,No,121.47,02/03/1998,No,8
97,Emmanuel Terán,Primera,5,11,1.812687306,849522.74,8,No,Si,88.67,06/04/1998,No,0
98,Abraham Pizano,Segunda,2,2,1.81864874,479424.17,5,No,Si,68.74,28/10/1998,No,0
99,María Uscanga,Tercera,2,6,1.728859611,78703.13,5,Si,Si,65.68,15/11/1998,No,0
100,Manuela Escobedo,Primera,1,1,1.894197563,978476.88,8,Si,No,84.14,25/11/1998,No,0
101,Teodoro Solórzano,Primera,9,24,1.795462344,1143170.35,6,Si,Si,150.62,14/03/1998,No,3
102,Julia Saldaña,Segunda,1,3,1.58858351,482084.20,7,Si,Si,63.56,12/11/1998,No,1
103,Ana Flores,Segunda,1,3,1.630042589,485215.61,2,No,No,73.93,12/07/1998,Si,3
104,Germán Morales,Ninguna,3,7,1.763902265, -   ,3,No,Si,59.38,07/07/1998,No,4
105,Hans Rotter,Tercera,1,3,1.864517942,86301.12,4,No,Si,79.26,13/08/1998,No,6
106,Luz Nicolini,Primera,6,15,1.72830449,1017515.42,4,No,Si,148.53,21/07/1998,Si,4
107,Rommel Bedolla,Segunda,1,2,1.909367035,455026.90,3,Si,Si,75.62,14/04/1998,No,4
108,Liney Jiménez,Primera,7,7,1.549552077,1155682.05,4,No,No,100.4,24/06/1998,No,1
109,Cristina Funes,Segunda,3,7,1.70479909,414547.10,5,Si,Si,80.77,10/04/1998,No,4
110,Nicole Molina,Segunda,4,5,1.847145679,489780.50,9,No,No,86.6,01/04/1998,No,0
111,Liliana Sierra,Primera,2,6,1.730028724,1205475.21,10,Si,Si,94.56,17/02/1998,No,7
112,Daniela Torres,Primera,3,3,1.781576459,812690.97,9,No,Si,76.91,10/02/1998,No,6
113,Germán Becker,Segunda,8,23,1.829229871,381546.71,11,No,Si,216.22,04/03/1998,No,8
114,Jaan Mora,Primera,7,19,1.899413645,1281138.42,9,No,No,164.5,26/01/1998,Si,4
115,Julián Ibarra,Segunda,2,3,1.804829385,454385.34,4,No,No,63.96,02/06/1998,Si,0
116,Fatima Vidrio,Segunda,1,1,1.71476576,509575.50,8,Si,No,64.09,26/10/1998,Si,4
117,Eleonor Llorente,Tercera,2,3,1.81702194,71002.02,5,No,Si,82.09,03/12/1998,Si,3
118,Kunico Gracia,Primera,5,11,1.727221612,1147182.68,7,Si,Si,102.72,28/08/1998,Si,0
119,Samuel Shor,Segunda,2,5,1.78449238,503268.80,12,No,Si,70.24,07/03/1998,No,5
120,Jessica Saturno,Tercera,4,4,1.726381766,75180.83,8,No,Si,67.35,27/02/1998,Si,4
121,Ernesto Varela,Primera,1,2,1.730373273,857784.51,7,Si,Si,79.77,15/05/1998,Si,3
122,Natanael Setién,Primera,2,6,1.723973871,780836.74,8,No,No,80.85,13/04/1998,No,0
123,Cuauhtemoc Ayala,Primera,3,5,1.549874374,778188.09,9,Si,Si,91.01,03/01/1998,Si,7
124,Fabian Orea,Segunda,4,7,1.704613056,477592.48,6,No,Si,77.86,10/10/1998,No,0
125,Federico Ocampo,Ninguna,1,2,1.680733166, -   ,6,No,Si,48.2,25/12/1998,No,0
126,Marta Kimura,Primera,3,6,1.764019541,921404.44,5,No,Si,76.42,13/12/1998,Si,6
127,Yasmín Hernán,Segunda,4,11,1.733192739,491171.90,6,Si,Si,103.22,05/04/1998,No,4
128,Eder Nava,Segunda,3,7,1.632468961,457624.00,8,Si,Si,100.46,13/11/1998,Si,3
129,Rommel Bravo,Primera,5,10,1.673002065,1167827.59,7,No,No,97.69,02/05/1998,No,3
130,Olivia Viveros,Segunda,3,4,1.714574773,451669.69,8,Si,Si,67.66,01/07/1998,Si,2
131,Viviana Cuenca,Tercera,1,2,1.649407104,75806.87,3,No,No,78.03,15/09/1998,Si,5
132,Arnoldo Meneses,Ninguna,2,3,1.663206883, -   ,5,No,Si,49.66,24/07/1998,No,0
133,Carla Terán,Tercera,2,2,1.628811262,75542.85,6,No,Si,67.19,07/07/1998,No,4
134,Eleonor Del Rio,Primera,4,8,1.724856648,788369.04,2,No,Si,91.21,26/12/1998,No,2
135,David Sáez,Ninguna,2,3,1.769706, -   ,5,Si,No,52.13,05/09/1998,No,2
136,Jaqueline Ondarza,Ninguna,1,1,1.65680097, -   ,7,Si,Si,57.78,16/10/1998,No,3
137,Ramón Romero,Primera,5,12,1.763705717,899654.25,11,Si,No,125.51,05/01/1998,No,4
138,Carla Negrete,Tercera,2,2,1.547368416,78169.96,7,Si,Si,68.74,28/09/1998,Si,0
139,Marwin Quinatana,Primera,5,12,1.477957454,741624.32,8,No,Si,119.45,10/07/1998,Si,0
140,Gabriel Vanegas,Primera,3,7,1.779660631,1184120.24,11,Si,Si,107.77,22/01/1998,Si,5
141,Vinicio Vallejo,Primera,5,13,1.686268356,886845.11,10,No,Si,128.45,12/02/1998,Si,6
142,Esteban Vera,Tercera,2,5,1.693556454,77946.05,6,No,Si,67.04,16/03/1998,No,5
143,Liliana Carranza,Segunda,1,3,1.610425018,482948.70,7,No,No,78.53,09/06/1998,Si,4
144,Eddie Maldonado,Primera,6,6,1.682026299,1186218.37,3,Si,No,99.43,24/06/1998,No,4
145,Dulce Quinatana,Primera,4,8,1.6748768,768890.41,4,Si,No,106,25/04/1998,Si,6
146,Pablo Mora,Tercera,1,3,1.586805753,90584.53,4,No,Si,65.23,07/08/1998,Si,6
147,Julián Salazar,Primera,3,8,1.765919501,1179800.62,6,Si,Si,90.5,13/02/1998,Si,8
148,Darwin Galindo,Segunda,5,7,1.866389157,491552.25,10,No,No,89.34,18/05/1998,Si,1
149,Claudia Santos,Primera,4,11,1.84409154,955721.44,5,No,Si,100.58,26/12/1998,No,1
150,Rodrigo Villalpando,Tercera,2,4,1.782679768,80235.69,5,Si,Si,73.02,26/12/1998,Si,4
151,Kunico Moreno,Primera,3,7,1.675475399,1009452.05,6,No,Si,93.87,26/02/1998,No,8
152,Bastian Durán,Primera,3,4,1.816618018,689378.59,10,Si,Si,94.08,23/02/1998,No,4
153,Fátima Nicolini,Segunda,6,13,1.712681121,438728.88,12,No,Si,138.51,16/01/1998,Si,6
154,Julián Parra,Tercera,2,2,1.714286039,103993.89,7,No,No,68.9,08/08/1998,Si,0
155,Graciela Palacios,Ninguna,1,3,1.754069481, -   ,6,No,No,56.83,25/10/1998,Si,2
156,Ronald Cervera,Segunda,4,5,1.772968428,538145.35,8,No,Si,78.63,04/06/1998,No,0
157,Franco Hinojosa,Primera,3,9,1.771883913,850245.85,4,No,No,99.51,18/08/1998,Si,5
158,Camila Galindo,Tercera,7,10,1.742768512,81468.36,8,No,Si,83.11,28/10/1998,No,1
159,Adam Villalobos,Primera,3,8,1.642251352,1073016.39,8,Si,No,109.21,22/12/1998,No,4
160,Eleonor Solórzano,Tercera,2,5,1.710127165,83248.35,8,Si,Si,71.34,26/12/1998,No,3
161,Richard Hinojosa,Segunda,8,9,1.532346063,556415.53,8,Si,Si,120.35,19/06/1998,No,5
162,Manuela Urrutia,Primera,6,6,1.763378653,896031.02,2,No,Si,97.51,02/12/1998,Si,6
163,Mildred Briones,Tercera,1,2,1.543544209,87900.74,3,Si,Si,60.55,16/05/1998,No,1
164,Eddie Guak,Primera,3,8,1.767386382,1361257.96,8,Si,Si,98.06,19/03/1998,Si,8
165,Bruno Rubio,Primera,1,3,1.947545733,1021826.03,5,No,No,99.28,18/11/1998,Si,6
166,Erika Barriete,Primera,2,3,1.573695102,972167.45,7,Si,No,102,06/02/1998,Si,5
167,Edgar Cuenca,Primera,1,1,1.862824974,1387696.74,5,Si,Si,75.11,07/07/1998,No,6
168,Eddie López,Segunda,3,7,1.672375768,416062.91,2,No,Si,70.47,18/06/1998,Si,6
169,Iván Arenas,Primera,5,8,1.722675083,1203915.72,10,Si,No,127.81,04/04/1998,Si,4
170,Cristóbal Sandoval,Tercera,1,1,1.720513274,67281.91,8,No,Si,61.78,23/11/1998,Si,2
171,Vinicio Mosqueda,Tercera,2,2,1.740180669,69888.50,6,No,Si,66.75,03/03/1998,No,3
172,Ursula Mendoza,Segunda,3,7,1.576397613,463665.09,8,No,No,84.04,28/03/1998,No,7
173,Luis Verduzco,Segunda,2,4,1.63530763,532982.95,6,No,Si,78.83,24/07/1998,Si,2
174,Marvin Iglesias,Primera,6,13,1.810259549,1093223.18,5,No,Si,140.9,25/12/1998,Si,1
175,Ezequiel Moreno,Segunda,5,14,1.825280395,476192.70,7,Si,Si,131.07,19/11/1998,No,3
176,Camila Negrete,Tercera,1,2,1.775857056,90514.05,7,Si,No,69.31,23/12/1998,Si,6
177,Óscar Fauser,Primera,5,11,1.75615428,1442485.62,3,Si,Si,124.94,03/10/1998,Si,6
178,Ricardo Pastor,Segunda,3,8,1.680548991,439307.90,6,Si,Si,81.7,17/05/1998,No,3
179,Laura Saldaña,Segunda,4,8,1.715511322,479189.56,2,Si,Si,76.23,14/04/1998,No,2
180,Cristobal Córdova,Primera,3,9,1.899424384,1488668.53,12,Si,Si,121.26,16/01/1998,No,5
181,Andrea  Mendoza,Primera,2,5,1.712391839,684793.29,7,Si,No,84.68,23/07/1998,No,3
182,Leonardo Márquez,Ninguna,3,4,1.923516792, -   ,5,Si,Si,54.6,01/06/1998,Si,0
183,Casandra Rivas,Segunda,1,1,1.637651263,524340.94,3,No,No,66.82,16/09/1998,Si,4
184,Nelson Laguillo,Primera,6,17,1.704310804,987809.60,8,No,No,141.08,01/01/1998,No,8
185,Félix Luna,Primera,5,7,1.72035305,1205683.14,3,No,No,82.9,09/07/1998,No,4
186,Octavio Sandoval,Primera,3,9,1.873409391,940323.12,7,Si,No,116.58,25/05/1998,No,1
187,Jenny Castañeda,Segunda,2,4,1.758432913,434839.28,4,No,No,100.03,11/08/1998,Si,5
188,Perla Guerrero,Ninguna,2,3,1.802568305, -   ,4,No,Si,43.78,02/05/1998,No,0
189,Hugo Kaft,Segunda,5,14,1.640398896,454494.73,8,No,No,127.56,27/05/1998,No,6
190,Kenneth Obrador,Primera,2,6,1.746201662,1322597.35,6,Si,Si,84.39,03/04/1998,No,6
191,Monica Correa,Segunda,6,10,1.6623098,453625.82,9,No,Si,135.15,01/02/1998,Si,4
192,Alex Sereno,Tercera,1,3,1.668148342,87062.28,7,Si,Si,69.23,15/12/1998,No,4
193,Marcelino De La Fuente,Primera,3,8,1.644825298,638564.44,8,No,Si,110.85,19/03/1998,No,6
194,Xamina Narro,Segunda,4,5,1.75980681,512943.96,7,Si,No,104.86,15/02/1998,No,3
195,Eva Zavaleta,Segunda,2,3,1.713528244,492687.21,6,No,No,67.28,07/08/1998,No,2
196,Rafael Baptista,Segunda,3,3,1.822264601,486593.06,7,Si,No,79.6,05/12/1998,Si,5
197,Florencia Aranda,Primera,5,12,1.669258201,476065.13,6,Si,No,138.92,21/08/1998,No,3
198,Mara Madero,Primera,5,5,1.61502864,678013.58,10,Si,No,106.55,16/03/1998,No,8
199,Abraham Salín,Tercera,5,9,1.687024204,79572.03,4,No,Si,83.94,25/11/1998,Si,2
200,Carolina Pastelín,Primera,5,10,1.745769806,1093503.44,12,No,Si,109.06,06/01/1998,Si,9
201,Tobías Jung,Segunda,3,3,1.846442674,391511.61,7,Si,Si,76.24,08/10/1998,Si,2
202,Jimena  Estrada,Primera,5,11,1.757127083,907696.82,9,No,No,132.69,20/03/1998,Si,3
203,Jamir Kaft,Segunda,4,9,1.599293727,444991.96,9,Si,Si,94.42,25/05/1998,Si,0
204,Paula Viveros,Primera,5,15,1.765478522,1324006.39,7,Si,No,139.74,21/01/1998,Si,8
205,Cristobal Vital,Primera,7,12,1.726029591,946983.87,3,Si,Si,119.06,01/11/1998,Si,3
206,Patricio Orozco,Primera,2,2,1.754452643,580288.31,11,Si,No,102.07,25/03/1998,No,6
207,Octavio Kura,Primera,5,7,1.703962758,311171.30,5,Si,Si,105.51,03/11/1998,Si,5
208,Yessica Ramón,Primera,7,9,1.57673708,1190488.61,2,No,No,84.48,18/12/1998,No,1
209,Gregorio Cuenca,Primera,3,9,1.687580673,1066811.93,3,Si,Si,103.98,18/09/1998,No,3
210,Florencia Santamaría,Segunda,3,6,1.587684491,471064.99,8,No,Si,82.51,21/03/1998,No,4
211,Johan Alcocer,Primera,3,9,1.680712278,835512.47,12,Si,Si,115.98,07/01/1998,No,4
212,Rubén Gabilondo,Tercera,3,8,1.686658713,73090.66,8,Si,Si,72.43,25/06/1998,Si,2
213,Lisa Aburto,Primera,1,3,1.639244058,980228.12,4,Si,No,85.75,19/10/1998,No,6
214,Marcelino Aburto,Segunda,2,6,1.747960675,440448.25,3,Si,No,79.45,21/05/1998,Si,2
215,Miguel Galindo,Primera,3,8,1.591631677,1240730.14,5,Si,No,89.9,24/05/1998,Si,2
216,Isabella Gómez,Primera,2,6,1.592441987,996173.61,8,Si,No,90.44,03/09/1998,Si,6
217,Demian Rojas,Segunda,6,8,1.747254268,487043.93,2,No,No,100.95,18/06/1998,Si,4
218,Renzo Valle,Primera,5,10,1.718815626,1133760.23,2,Si,Si,122.84,13/09/1998,Si,6
219,Ximena Rivas,Tercera,3,3,1.66493446,70008.00,2,No,Si,72.45,26/12/1998,No,5
220,Eder Ponce,Primera,6,13,1.684366635,1186096.94,11,No,Si,144.61,23/01/1998,Si,7
221,Emma Reyes,Primera,4,12,1.863676451,1303229.00,11,Si,Si,144.62,22/01/1998,Si,7
222,Nadia Carrillo,Segunda,1,3,1.684723064,412836.75,4,No,Si,81.33,08/07/1998,Si,1
223,Celeste Núñez,Primera,2,5,1.859632812,1082242.01,8,No,No,83.25,03/10/1998,No,6
224,Omar Gallegos,Ninguna,2,3,1.59473093, -   ,4,No,Si,58.11,27/04/1998,No,0
225,Henry Halabe,Ninguna,2,3,1.721992327, -   ,2,Si,Si,56.72,07/08/1998,No,5
226,Sebastian Torre,Segunda,1,3,1.761295095,491673.33,2,No,No,68.71,24/04/1998,No,0
227,Lucas Jiménez,Primera,5,8,1.746002172,1170376.37,11,No,Si,136.52,27/01/1998,No,8
228,María Lazcano,Segunda,5,15,1.797656041,458539.75,7,Si,No,126.79,07/08/1998,Si,3
229,Patricio Laguillo,Segunda,1,2,1.606905577,517042.21,2,No,No,74.63,14/12/1998,Si,2
230,Jessica Andraca,Primera,7,21,1.839399813,1140024.89,7,Si,No,150.8,20/04/1998,Si,0
231,Gabriel Varela,Segunda,3,9,1.85240917,456493.77,10,No,No,87.86,28/03/1998,No,3
232,Daniel Saturno,Segunda,4,6,1.790986073,458254.91,9,No,No,111.95,18/02/1998,Si,8
233,Isabel Treviño,Segunda,1,3,1.431036287,454004.76,8,Si,Si,75.47,18/05/1998,Si,0
234,César Blanco,Primera,3,8,1.622885814,1041438.98,2,Si,No,75.42,07/07/1998,Si,0
235,Luis Manzanilla,Segunda,1,2,1.703116391,493922.69,6,Si,Si,75.93,12/11/1998,No,2
236,Xamina Llanos,Primera,4,6,1.659862721,1304539.54,10,No,No,100.45,17/03/1998,No,4
237,Víctor Corona,Primera,3,3,1.784660209,1419544.40,10,No,Si,92.06,15/06/1998,Si,1
238,Jacobo Calderón,Segunda,1,2,1.612900201,437523.65,5,Si,No,75.76,17/06/1998,Si,5
239,Rogelio Torres,Primera,5,10,1.812493904,705459.16,5,Si,No,101.68,14/12/1998,Si,0
240,Edwin Biagi,Ninguna,1,3,1.686623049, -   ,5,No,Si,45.1,09/09/1998,No,2
241,Roberto Ríos,Primera,8,24,1.769675009,1073432.12,4,No,No,155.22,05/02/1998,No,8
242,Mauricio Lira,Primera,3,4,1.867016458,1240315.43,7,No,Si,90.09,03/05/1998,Si,6
243,Yulisa Bacab,Segunda,4,6,1.528031571,549058.96,4,Si,No,75.13,09/10/1998,No,0
244,Moises Feria,Segunda,1,3,1.737178654,496467.45,5,Si,No,77.33,08/06/1998,No,0
245,Walter Mercado,Segunda,5,10,1.684086545,498837.24,2,No,No,91.73,13/07/1998,Si,3
246,Patricio Velásquez,Primera,9,12,1.838944122,733314.00,7,No,No,116.69,19/01/1998,No,5
247,Arturo López,Primera,5,9,1.61727302,1101446.80,6,Si,No,93.43,20/03/1998,Si,4
248,Franco Parra,Primera,4,9,1.792489332,615739.41,2,Si,No,125.86,16/05/1998,Si,5
249,Eduardo Mora,Primera,5,14,1.621414308,994854.78,7,Si,No,136.62,27/02/1998,Si,4
250,Moises Uscanga,Segunda,1,3,1.718473377,434112.93,4,Si,No,81.2,26/07/1998,No,0
251,David León,Segunda,3,7,1.798453733,475017.73,12,No,No,96.14,10/01/1998,No,8
252,Orlando Andraca,Ninguna,1,2,1.697191076, -   ,3,Si,Si,52.86,19/09/1998,No,6
253,Mario Salas,Primera,7,9,1.686606457,1146122.32,4,Si,Si,87.87,21/04/1998,Si,6
254,Sarah Ocampo,Segunda,3,3,1.943321307,464132.83,7,Si,Si,77.32,16/07/1998,No,3
255,Felipe Rojo,Segunda,3,5,1.710938828,438446.25,6,Si,No,105,14/02/1998,Si,6
256,Guadalupe Molina,Segunda,6,11,1.703387217,430407.40,6,Si,No,128.8,14/11/1998,Si,2
257,Carlos Ocampo,Ninguna,2,3,1.667067083, -   ,3,Si,Si,57.19,11/04/1998,No,4
258,Heriberto Vidrio,Segunda,2,5,1.840903379,436084.09,7,No,No,95.84,02/07/1998,No,3
259,Renzo Rodríguez,Primera,4,11,1.871364876,1113719.61,6,Si,Si,100.74,26/01/1998,Si,7
260,Patricio Viveros,Primera,2,2,1.554095862,660037.54,8,No,No,87.82,09/07/1998,No,5
261,Rodney Narro,Primera,5,14,1.771979261,986006.00,11,Si,No,150.74,18/03/1998,Si,4
262,Claudia Llorente,Segunda,7,9,1.715083684,469015.34,4,Si,Si,108.38,03/10/1998,No,6
263,Eddie Prado,Primera,7,15,1.730445032,858379.27,9,Si,Si,137.18,27/01/1998,Si,7
264,Simón Campillo,Segunda,1,3,1.700750534,502672.27,2,Si,No,85.42,26/11/1998,Si,3
265,Lucía Kaft,Segunda,2,3,1.747767939,375177.88,3,Si,Si,70.16,20/08/1998,Si,1
266,Jaqueline Verdejo,Segunda,3,3,1.717828391,452108.40,3,No,Si,71.51,02/07/1998,Si,2
267,María Meneses,Primera,4,8,1.651483433,513277.78,10,Si,Si,104.2,24/01/1998,No,8
268,Alondra Guevara,Segunda,1,2,1.775932815,418779.48,7,No,No,77.75,04/10/1998,Si,2
269,Esteban Ramírez,Primera,3,3,1.664608402,1300834.46,3,Si,Si,84.87,10/11/1998,No,4
270,Pablo Domínguez,Tercera,1,2,1.835480157,82398.50,6,No,Si,54.46,11/10/1998,Si,3
271,Mara Vanegas,Segunda,5,8,1.850733487,503036.29,4,Si,No,111.83,24/04/1998,No,1
272,Fabian Huerta,Tercera,3,7,1.757061844,76488.82,4,Si,No,79.5,01/06/1998,No,6
273,Yulisa Saldaña,Segunda,4,6,1.659274097,434972.21,7,No,Si,92.15,04/12/1998,No,6
274,Silvana Ramón,Primera,4,7,1.812559029,957365.73,8,Si,Si,89.04,26/10/1998,No,5
275,Diego Ocampo,Segunda,3,6,1.629359825,516119.30,10,No,No,96.64,07/01/1998,Si,9
276,Iván Ondarza,Ninguna,2,5,1.705129834, -   ,3,No,Si,53.01,23/09/1998,No,4
277,Samuel Maulén,Tercera,3,5,1.89050301,69027.76,6,No,Si,63.35,04/08/1998,Si,0
278,Helio Molina,Tercera,2,3,1.715300392,65979.50,6,No,Si,66.8,06/08/1998,Si,5
279,Agustín Gracia,Primera,3,5,1.696155037,614936.78,7,Si,Si,107.33,22/01/1998,Si,9
280,Julián Rivas,Primera,4,10,1.729836907,1460934.76,6,No,Si,122.72,01/11/1998,No,4
281,Judith Ponce,Primera,7,14,1.581701524,1548839.88,7,Si,Si,137.82,17/03/1998,Si,7
282,Maria Mancilla,Segunda,5,9,1.985303452,518543.68,8,Si,Si,131.57,05/01/1998,Si,7
283,Kunico Montalvo,Ninguna,2,2,1.604066866, -   ,6,No,Si,41.94,07/06/1998,Si,1
284,Fabian Tapia,Segunda,1,3,1.72497671,490433.65,2,Si,Si,70.45,19/08/1998,No,4
285,Rafael Uscanga,Tercera,1,1,1.702410603,83584.26,3,No,No,63.23,10/11/1998,No,3
286,Federico Hijar,Tercera,1,1,1.522217198,76805.27,8,No,No,64.8,03/11/1998,Si,4
287,Ángel Gamba,Segunda,4,11,1.690428435,522817.75,6,No,Si,125.17,14/04/1998,Si,4
288,Francisco Galán,Primera,4,9,1.76596616,387761.23,11,Si,No,137.1,23/01/1998,Si,8
289,Yaneth Piñeda,Primera,3,9,1.649844903,1300894.72,7,No,Si,95.09,12/03/1998,No,8
290,Alastor Gallegos,Primera,3,9,1.721791665,949161.70,4,Si,Si,94.39,15/09/1998,No,4
291,Federico León,Segunda,2,3,1.64689002,507332.76,2,No,Si,75.16,04/06/1998,No,3
292,Matias Obrador,Segunda,2,5,1.709469503,478077.00,3,No,Si,65.97,08/09/1998,No,5
293,Nicolás Medina,Primera,4,9,1.68355317,906210.51,5,Si,Si,100.36,13/05/1998,Si,2
294,Deymar Valle,Primera,3,9,1.575177947,1009463.56,7,No,No,103.67,05/07/1998,No,6
295,Douglas Cuenca,Primera,5,14,1.763020032,1144834.41,6,Si,Si,128.91,11/06/1998,No,4
296,Howard Mejía,Segunda,2,5,1.76519209,450988.29,6,Si,No,88.83,25/06/1998,Si,4
297,Rusel Ochoa,Primera,4,9,1.714655733,954385.10,5,No,Si,111.88,19/04/1998,No,2
298,Yaneth Cervera,Primera,9,18,1.996778572,1013704.86,4,Si,No,137.8,06/02/1998,No,3
299,Félix Colmenero,Primera,5,6,1.586421855,1074117.33,12,Si,No,127.09,11/01/1998,Si,5
300,Michael Cruz,Segunda,3,3,1.701723706,472461.38,6,Si,No,93.06,15/01/1998,Si,9
301,Pavel Cuenca,Segunda,2,4,1.662518847,462073.79,8,No,Si,76.57,13/02/1998,Si,6
302,Favio Pulido,Primera,1,2,1.442472348,1159139.92,6,Si,Si,82.38,10/08/1998,Si,2
303,Sofía Salinas,Tercera,2,2,1.610220222,70582.36,3,Si,Si,70.23,03/10/1998,No,4
304,Cielo Garduño,Ninguna,2,2,1.435433138, -   ,2,No,Si,51.44,13/10/1998,No,1
305,Rusel Castañeda,Tercera,3,5,1.691923884,80457.90,7,Si,Si,74.7,15/06/1998,Si,2
306,Ezequiel Ibarra,Segunda,2,5,1.747579495,475108.72,2,Si,No,79.27,14/10/1998,No,4
307,María Infante,Primera,6,9,1.78311703,1188966.77,4,Si,No,129.12,03/09/1998,No,6
308,Bastian Salinas,Segunda,3,7,1.581180579,497218.29,9,Si,No,105.49,07/06/1998,Si,4
309,Fátima Narro,Primera,5,10,1.835529851,1486928.86,4,Si,Si,137.11,07/02/1998,Si,4
310,Adriana Andraca,Tercera,2,5,1.56010145,80460.89,3,No,Si,57.54,14/12/1998,Si,6
311,Brenda Martínez,Segunda,3,3,1.577427475,456673.28,7,No,Si,71.06,05/02/1998,No,7
312,Gael Saucedo,Primera,4,11,1.867407213,1083365.46,8,Si,Si,122.94,13/11/1998,Si,4
313,Cristina Vera,Primera,4,4,1.724033279,869489.91,4,No,No,89.38,11/12/1998,Si,6
314,Henry Salcedo,Primera,5,7,1.693615986,874973.63,4,No,No,92.6,09/04/1998,No,0
315,Rommel Varela,Primera,2,5,1.662668069,1122109.09,6,No,No,81.59,25/08/1998,Si,0
316,Camilo Guerrero,Tercera,4,6,1.787542232,89875.30,11,Si,Si,73.47,12/03/1998,No,3
317,Stephanie Alcántar,Ninguna,1,3,1.665029372, -   ,4,No,Si,49.35,13/12/1998,Si,2
318,Eugene Arias,Segunda,3,9,1.663352167,395350.48,4,No,Si,89.48,26/09/1998,No,2
319,Enrique Obrador,Primera,8,20,1.606793895,1414412.27,6,No,No,169.05,26/05/1998,No,2
320,Constanza Sánchez,Primera,4,5,1.66560129,938174.87,4,Si,Si,108.1,12/06/1998,Si,5
321,Mario Bravo,Segunda,2,3,1.619983803,475162.72,8,No,No,88.55,23/03/1998,Si,6
322,Roberto Madrazo,Segunda,1,2,1.580633729,463508.44,4,Si,No,60.07,24/10/1998,No,1
323,Franco Acevedo,Primera,5,6,1.657134697,763508.41,3,No,Si,86.14,02/07/1998,Si,0
324,Yessica De La Fuente,Tercera,2,2,1.700949844,76511.27,2,No,No,62.33,26/04/1998,Si,2
325,Cristina Bravo,Primera,3,6,1.5972036,789065.42,8,No,Si,107.82,16/06/1998,No,6
326,Monica Laguillo,Primera,3,3,1.848748905,1450134.44,9,No,No,101.3,15/02/1998,No,4
327,Monica Pascual,Primera,3,8,1.753949534,872614.90,9,No,Si,96.32,04/04/1998,Si,2
328,Favio Molina,Primera,3,5,1.729107782,916729.67,7,No,Si,83.41,19/09/1998,Si,3
329,Luna Hurtado,Segunda,3,6,1.738847043,463028.33,5,No,No,84.59,13/05/1998,Si,5
330,Darwin Mancilla,Primera,3,8,1.611206578,715219.39,8,Si,Si,102.92,06/10/1998,No,1
331,Camila Becker,Segunda,5,11,1.714173205,453130.97,8,No,No,86.3,26/07/1998,Si,0
332,Sarah Marín,Primera,7,19,1.687147207,663620.23,7,No,Si,168.21,15/10/1998,No,0
333,Ricardo Salazar,Segunda,1,2,1.483181557,476176.95,6,No,No,82.07,06/09/1998,Si,1
334,Manuela Vanegas,Segunda,3,5,1.728538518,511355.15,9,No,Si,62.76,19/06/1998,No,1
335,Edith Revuelta,Tercera,1,3,1.646674193,88175.83,8,Si,Si,63.02,27/07/1998,No,0
336,Mauricio Fernández,Segunda,2,4,1.733975424,469798.30,8,Si,No,81.96,13/10/1998,No,5
337,Félix Guak,Segunda,1,2,1.594002346,522150.96,4,No,Si,70.39,12/09/1998,Si,3
338,Pamela Arias,Segunda,3,9,1.518392789,455046.48,6,Si,Si,100.71,18/10/1998,No,4
339,Rusel Cuevas,Tercera,4,4,1.757734451,61233.85,5,No,Si,79.82,25/02/1998,Si,8
340,Teresa Gerson,Segunda,1,3,1.618559737,516479.95,8,No,No,83.93,11/04/1998,Si,2
341,Alan Galán,Tercera,1,3,1.627228925,70217.34,6,Si,No,78.83,22/10/1998,No,6
342,Marvin Ayala,Primera,3,6,1.623844233,1057086.76,6,Si,No,88.79,04/04/1998,No,6
343,Fabian Sotello,Primera,4,11,1.776727263,1028863.17,12,Si,No,112.92,01/01/1998,No,7
344,Alondra Torres,Primera,5,15,1.729008014,1288672.13,7,No,No,139.62,05/02/1998,Si,4
345,Óscar Verduzco,Segunda,1,1,1.722643862,519317.21,6,Si,No,75.97,12/12/1998,No,0
346,Helio Romero,Segunda,2,3,1.724161343,471765.57,8,No,Si,81.1,01/07/1998,No,6
347,Vinicio Pastelín,Primera,4,12,1.404134751,786326.37,5,Si,No,133.42,07/03/1998,Si,6
348,Beatriz Urrutia,Primera,4,6,1.624558701,1279702.36,3,Si,Si,76.43,03/06/1998,Si,0
349,Viviana Almeda,Tercera,1,1,1.802737086,77348.51,7,Si,Si,63.02,02/09/1998,No,0
350,André  Varela,Primera,4,4,1.769734108,477234.52,7,Si,No,97.8,25/12/1998,Si,3
351,Marcelo Mercado,Ninguna,1,3,1.762725386, -   ,7,No,Si,55.07,12/05/1998,Si,3
352,Gregorio Navarro,Segunda,2,4,1.706566384,462162.15,2,No,Si,94.75,04/04/1998,No,4
353,Kimberly Campillo,Tercera,2,4,1.831791516,85122.88,2,Si,Si,67.38,24/12/1998,Si,3
354,Ximena Rubio,Primera,3,6,1.648833233,496073.06,8,Si,Si,88.83,09/01/1998,No,7
355,Jessica Torre,Primera,4,8,1.764309168,424467.45,6,Si,Si,110.76,20/01/1998,Si,6
356,Jaime Torre,Primera,3,8,1.670911613,1589481.63,4,Si,Si,95.02,07/04/1998,No,3
357,Paulina Carrillo,Ninguna,1,1,1.64112206, -   ,3,No,Si,56.85,20/12/1998,Si,4
358,Yasmín Bacab,Tercera,1,2,1.809608941,86578.03,4,No,Si,60.5,23/08/1998,Si,6
359,Teodoro Rudomín,Primera,2,2,1.740018879,946976.96,4,Si,No,88.11,18/11/1998,No,5
360,Edison Ramírez,Tercera,1,1,1.712483134,70830.66,3,Si,Si,54.52,13/04/1998,No,1
361,Jimena  Valenciano ,Tercera,1,3,1.593343089,62670.22,4,Si,No,69.55,20/10/1998,No,4
362,Natanael Soberón,Ninguna,1,2,1.637445996, -   ,4,No,No,47.94,19/11/1998,Si,0
363,Matias Sierra,Primera,3,9,1.554486853,575277.38,2,Si,Si,94.37,14/08/1998,No,3
364,Paula Vanegas,Primera,4,9,1.754244125,1582188.02,3,Si,No,113.92,24/08/1998,No,0
365,Jaime Viveros,Segunda,2,4,1.674555192,531405.45,2,Si,Si,89.36,14/09/1998,Si,5
366,Lucía Acevedo,Tercera,1,2,1.698221717,99344.12,8,No,No,66.17,03/09/1998,Si,3
367,René Cuenca,Primera,7,9,1.696006619,637646.78,11,No,Si,119.77,11/01/1998,Si,8
368,Cristina Escobar,Segunda,1,2,1.755596339,561598.33,7,No,Si,72.62,12/06/1998,No,6
369,Constanza Baeza,Segunda,1,1,1.822078046,435447.60,7,No,No,70.72,19/09/1998,Si,0
370,Miguel Vadillo,Primera,3,7,1.687999085,715914.61,6,No,Si,89.34,13/05/1998,Si,0
371,Alfonso Montalvo,Ninguna,1,3,1.79057159, -   ,3,No,No,63.39,09/08/1998,No,0
372,Fatima Lazcano,Primera,3,3,1.767340093,802596.01,12,Si,Si,101.1,27/01/1998,Si,9
373,Santiago Moreno,Primera,4,7,1.758652747,999708.77,7,Si,No,103.18,05/03/1998,No,4
374,Henry Rotter,Segunda,3,3,1.722897165,484544.87,3,Si,Si,68.29,14/09/1998,No,5
375,Enrique Mayo,Primera,4,6,1.597578171,1435605.91,9,No,Si,88.5,09/04/1998,Si,5
376,Paul Rivera,Primera,7,15,1.689610399,1034670.72,5,No,No,115.92,12/10/1998,Si,2
377,Mara Hernández,Segunda,1,2,1.755189063,431540.94,9,No,Si,72.86,03/05/1998,Si,6
378,Alondra Larrea,Tercera,5,5,1.747253471,105163.69,6,No,Si,71.23,16/10/1998,No,0
379,Kunico Soberón,Primera,4,11,1.678183774,1113352.53,11,Si,Si,108.56,03/01/1998,Si,5
380,Elena Santos,Ninguna,1,3,1.672128916, -   ,3,No,No,62.54,10/12/1998,Si,2
381,Isabella Domínguez,Primera,5,8,1.72134946,1040715.32,7,Si,No,113.61,21/05/1998,Si,1
382,Cristóbal Barrientos,Tercera,3,3,1.841505632,94368.46,7,Si,Si,65.25,26/04/1998,Si,0
383,Jesús Varela,Tercera,2,4,1.798450572,60613.54,3,No,No,71.15,07/11/1998,No,1
384,Gonzalo Salas,Primera,7,20,1.873886273,940168.21,8,Si,No,181.39,13/07/1998,No,4
385,Wilfredo Rosado,Segunda,2,2,1.809028564,449202.04,4,No,No,71.57,11/07/1998,Si,6
386,Henry Verdejo,Primera,6,10,1.908015736,640709.35,8,No,No,151.48,10/10/1998,Si,6
387,Ricardo Baptista,Primera,2,4,1.825190306,881370.40,8,No,Si,92.5,20/12/1998,No,0
388,Yire Villareal,Primera,3,4,1.578072646,806561.26,8,Si,No,89.67,22/04/1998,No,0
389,Luna Mendoza,Primera,3,7,1.745892383,1168046.44,10,No,No,94.04,17/06/1998,Si,0
390,Octavio Rodríguez,Tercera,1,1,1.718678148,75744.37,3,Si,Si,63.06,10/09/1998,No,5
391,Patricio Galindo,Tercera,1,2,1.637221241,78276.13,2,Si,No,61.1,22/12/1998,No,1
392,Orlando Soda,Primera,2,6,1.745445952,809307.77,4,No,Si,98.54,18/06/1998,Si,6
393,Teresa Luna,Primera,4,8,1.732925428,957449.70,4,No,No,113.95,07/11/1998,No,5
394,Abelardo Salas,Segunda,4,4,1.557254834,549743.17,9,No,Si,79.14,25/06/1998,No,6
395,Joang Bacab,Segunda,5,12,1.849834233,483124.19,4,Si,Si,107.02,16/03/1998,Si,6
396,Favio Olvera,Segunda,8,10,1.648610498,437889.62,6,No,No,105.01,19/07/1998,Si,0
397,Erika Villalpando,Primera,3,6,1.734986034,1465194.27,10,No,No,86.86,28/02/1998,Si,6
398,Alan Mansilla,Segunda,2,3,1.732245834,503936.10,6,Si,No,70.21,06/12/1998,Si,4
399,Aldo Borundo,Segunda,2,4,1.637337024,498765.80,4,Si,No,77.01,03/05/1998,Si,1
400,Edison Saturno,Primera,5,6,1.683562696,1368641.04,11,No,No,117.64,16/01/1998,Si,7
